{
  "sections": [
    {
      "title": "Popular Restaurants",
      "restaurants": [
        {
          "blurhash": "UAN=8k?LS~M:ErJFs%t0MDMWRqo@%BxSV{RX",
          "launch_date": "2020-04-20",
          "location": [
            24.938082,
            60.17626
          ],
          "name": "Sea Chain",
          "online": true,
          "popularity": 0.956990414084132
        },
        {
          "blurhash": "UDSoswyZVqm.p%cRjLaKUgZ+k.kWrFZ%a$kX",
          "launch_date": "2020-11-26",
          "location": [
            24.938908,
            60.160413
          ],
          "name": "Salt",
          "online": true,
          "popularity": 0.8954324472876662
        },
        {
          "blurhash": "UDSYr*v7X%kVq0cOi%etTca$nibqr4a8bqk7",
          "launch_date": "2020-01-05",
          "location": [
            24.930132,
            60.152363
          ],
          "name": "Fake Tomato Mafia",
          "online": true,
          "popularity": 0.7953685298092403
        },
        {
          "blurhash": "UKNaZ$xnRXaQO5WEt2f7DfRpo?k8MptKV}ou",
          "launch_date": "2020-03-14",
          "location": [
            24.924752,
            60.179213
          ],
          "name": "Charming Pepper Emporium",
          "online": true,
          "popularity": 0.741748846018373
        },
        {
          "blurhash": "ULFgVE}sE3bvGNORnUj=A1JCoaniMUj0tMS5",
          "launch_date": "2020-09-24",
          "location": [
            24.936465,
            60.178633
          ],
          "name": "Loving Meat Basket",
          "online": true,
          "popularity": 0.7400471016913404
        },
        {
          "blurhash": "ULDK46wNI@jJ15NuxDbF0Ys+W.oc?8n+RoWF",
          "launch_date": "2020-03-06",
          "location": [
            24.943776,
            60.153804
          ],
          "name": "Vegetable Factory",
          "online": true,
          "popularity": 0.7332623605450638
        },
        {
          "blurhash": "UQCBXU,@JQn,${xEWXWo31OTwzW-N4Ncs+sV",
          "launch_date": "2020-01-12",
          "location": [
            24.925688,
            60.178389
          ],
          "name": "Cucumber Hotel",
          "online": true,
          "popularity": 0.6259073873586668
        },
        {
          "blurhash": "UKB#lk=qEmxC-}t2Rooc2^OY#+bHMSRUo]nj",
          "launch_date": "2020-02-03",
          "location": [
            24.933311,
            60.160549
          ],
          "name": "Horrific Lettuce",
          "online": true,
          "popularity": 0.5322843011301973
        },
        {
          "blurhash": "UNDVs2}5JWOFFyt2$eRoGZKPniw[VyRoS}t2",
          "launch_date": "2020-05-04",
          "location": [
            24.945715,
            60.167827
          ],
          "name": "Real Pizza Factory",
          "online": true,
          "popularity": 0.5045108175927286
        },
        {
          "blurhash": "U6T69eube;rHy,lNf%a3V5aOkUknu:ZTg1k-",
          "launch_date": "2020-09-25",
          "location": [
            24.95136,
            60.157142
          ],
          "name": "Rosemary",
          "online": false,
          "popularity": 0.8514554035262657
        }
      ]
    },
    {
      "title": "New Restaurants",
      "restaurants": [
        {
          "blurhash": "UEL:h[|8I-OkYxTsn9r_ExOlo{s:M1eCxvkV",
          "launch_date": "2020-12-08",
          "location": [
            24.938667,
            60.155196
          ],
          "name": "Corn Place",
          "online": false,
          "popularity": 0.5436221040194886
        },
        {
          "blurhash": "UDSoswyZVqm.p%cRjLaKUgZ+k.kWrFZ%a$kX",
          "launch_date": "2020-11-26",
          "location": [
            24.938908,
            60.160413
          ],
          "name": "Salt",
          "online": true,
          "popularity": 0.8954324472876662
        },
        {
          "blurhash": "U9O[r*?hI_VN*8yNniVx5^NhxTknY]MmX+tx",
          "launch_date": "2020-11-23",
          "location": [
            24.935659,
            60.161989
          ],
          "name": "Chili powder",
          "online": true,
          "popularity": 0.7353250033621942
        }
      ]
    },
    {
      "title": "Nearby Restaurants",
      "restaurants": [
        {
          "blurhash": "UCO;.s:bO%r_yWXlORbbC?TFvobaVDi_t9nS",
          "launch_date": "2020-02-19",
          "location": [
            24.935637,
            60.156621
          ],
          "name": "Tender Lettuce",
          "online": true,
          "popularity": 0.3919633748546864
        },
        {
          "blurhash": "UH9DE2+hKKsCO-X5r]n*3#GAw3Sx+hr]OnX5",
          "launch_date": "2020-05-22",
          "location": [
            24.935326,
            60.155631
          ],
          "name": "Mustard",
          "online": true,
          "popularity": 0.40907452479616846
        },
        {
          "blurhash": "UKGsRwwbSis92|Sis8W=6.WrW=js;cjZWra}",
          "launch_date": "2020-03-20",
          "location": [
            24.922566,
            60.162293
          ],
          "name": "Cheese Buffet",
          "online": true,
          "popularity": 0.34380242340441275
        },
        {
          "blurhash": "UAN=8k?LS~M:ErJFs%t0MDMWRqo@%BxSV{RX",
          "launch_date": "2020-04-20",
          "location": [
            24.938082,
            60.17626
          ],
          "name": "Sea Chain",
          "online": true,
          "popularity": 0.956990414084132
        },
        {
          "blurhash": "UDSYr*v7X%kVq0cOi%etTca$nibqr4a8bqk7",
          "launch_date": "2020-01-05",
          "location": [
            24.930132,
            60.152363
          ],
          "name": "Fake Tomato Mafia",
          "online": true,
          "popularity": 0.7953685298092403
        },
        {
          "blurhash": "U9O[r*?hI_VN*8yNniVx5^NhxTknY]MmX+tx",
          "launch_date": "2020-11-23",
          "location": [
            24.935659,
            60.161989
          ],
          "name": "Chili powder",
          "online": true,
          "popularity": 0.7353250033621942
        },
        {
          "blurhash": "UMD*~9$$azNK9}I@jts-12xEoKaz=wodS3R,",
          "launch_date": "2020-01-06",
          "location": [
            24.942542,
            60.181301
          ],
          "name": "Black Pepper Grill",
          "online": false,
          "popularity": 0.5359213679339973
        },
        {
          "blurhash": "U6T69eube;rHy,lNf%a3V5aOkUknu:ZTg1k-",
          "launch_date": "2020-09-25",
          "location": [
            24.95136,
            60.157142
          ],
          "name": "Rosemary",
          "online": false,
          "popularity": 0.8514554035262657
        }
      ]
    }

  ]
}